playerID,yearID,stint,teamID,lgID,G,AB,R,H,2B,3B,HR,RBI,SB,CS,BB,SO,IBB,HBP,SH,SF,GIDP
aguilri01,2000,1,CHN,NL,54,0,0,0,0,0,0,0,0,0,0,0,0,0,0,0,0
andresh01,2000,1,CHN,NL,66,192,25,44,5,0,14,39,1,1,27,59,1,2,0,1,9
arnolja01,2000,2,CHN,NL,12,9,0,1,1,0,0,0,0,0,0,3,0,1,0,0,0
brockta01,2000,1,CHN,NL,13,12,1,2,0,0,0,0,1,1,4,4,0,0,0,0,0
brownbr01,2000,2,CHN,NL,54,89,7,14,1,0,3,10,2,1,10,29,0,1,1,1,2
brownro01,2000,1,CHN,NL,45,91,11,32,8,0,3,14,0,1,4,22,0,1,0,2,0
buforda01,2000,1,CHN,NL,150,495,64,124,18,3,15,48,4,6,47,118,3,8,4,2,9
downssc01,2000,1,CHN,NL,18,26,2,2,0,0,0,1,0,0,2,10,0,0,4,0,0
farnsky01,2000,1,CHN,NL,46,14,0,1,1,0,0,0,0,0,0,6,0,0,2,0,0
garibda01,2000,1,CHN,NL,30,15,1,2,0,0,0,1,0,0,0,6,0,0,4,0,0
girarjo01,2000,1,CHN,NL,106,363,47,101,15,1,6,40,1,0,32,61,3,3,6,3,12
gloadro01,2000,1,CHN,NL,18,31,4,6,0,1,1,3,0,0,3,10,0,0,0,1,1
gonzara01,2000,1,CHN,NL,3,2,0,0,0,0,0,0,0,0,0,2,0,0,0,0,0
gracema01,2000,1,CHN,NL,143,510,75,143,41,1,11,82,1,2,95,28,11,6,2,8,7
greenwi01,2000,1,CHN,NL,105,299,34,60,15,2,10,37,4,0,36,69,2,2,0,2,5
guthrma01,2000,1,CHN,NL,19,2,0,0,0,0,0,0,0,0,0,1,0,0,0,0,0
gutieri01,2000,1,CHN,NL,125,449,73,124,19,2,11,56,8,2,66,58,0,7,16,4,10
heredfe01,2000,1,CHN,NL,74,2,0,0,0,0,0,0,0,0,0,1,0,0,0,0,0
hillgl01,2000,1,CHN,NL,64,168,23,44,4,1,11,29,0,1,10,43,2,0,0,0,5
husonje01,2000,1,CHN,NL,70,130,19,28,7,1,0,11,2,1,13,9,1,0,1,0,6
karchma01,2000,1,CHN,NL,13,0,0,0,0,0,0,0,0,0,1,0,0,0,1,0,0
liebejo01,2000,1,CHN,NL,36,82,3,18,4,0,0,4,0,0,2,28,0,0,10,0,0
liniaco01,2000,1,CHN,NL,3,3,0,0,0,0,0,0,0,0,0,2,0,0,0,0,0
lorraan01,2000,1,CHN,NL,8,8,2,1,0,0,0,0,0,0,1,4,0,0,2,0,0
mahonmi02,2000,1,CHN,NL,4,7,1,2,1,0,0,1,0,0,1,0,0,1,0,0,0
maireos01,2000,1,CHN,NL,2,0,0,0,0,0,0,0,0,0,0,0,0,0,0,0,0
martida01,2000,2,CHN,NL,18,54,5,10,1,1,0,1,1,0,2,8,0,0,0,0,0
matthga02,2000,1,CHN,NL,80,158,24,30,1,2,4,14,3,0,15,28,1,1,1,0,2
meyerch02,2000,1,CHN,NL,36,52,8,9,2,0,0,5,1,0,3,11,0,1,0,1,0
natiojo01,2000,1,CHN,NL,2,4,0,2,0,0,0,0,0,0,0,1,0,0,0,0,0
nievejo01,2000,1,CHN,NL,82,198,17,42,6,3,5,24,1,1,11,43,1,0,2,2,8
nortoph01,2000,1,CHN,NL,2,3,1,2,0,0,0,0,0,0,0,0,0,0,1,0,0
ohmanwi01,2000,1,CHN,NL,6,0,0,0,0,0,0,0,0,0,0,0,0,0,0,0,0
ojedaau01,2000,1,CHN,NL,28,77,10,17,3,1,2,8,0,1,10,9,1,0,1,1,1
patteco01,2000,1,CHN,NL,11,42,9,7,1,0,2,2,1,1,3,14,0,1,1,0,0
queveru01,2000,1,CHN,NL,21,30,1,4,0,0,0,1,0,0,0,10,0,0,1,0,1
rainst01,2000,1,CHN,NL,37,2,0,0,0,0,0,0,0,0,1,2,0,0,0,0,0
reedje02,2000,1,CHN,NL,90,229,26,49,10,0,4,25,0,1,44,68,2,1,2,1,5
rodrihe02,2000,1,CHN,NL,76,259,37,65,15,1,18,51,1,2,22,76,2,3,0,3,4
sosasa01,2000,1,CHN,NL,156,604,106,193,38,1,50,138,7,4,91,168,19,2,0,8,12
spradje01,2000,2,CHN,NL,8,1,0,0,0,0,0,0,0,0,0,1,0,0,0,0,0
tapanke01,2000,1,CHN,NL,30,56,3,10,2,0,1,4,0,1,3,20,0,0,9,0,1
valdeis01,2000,1,CHN,NL,13,14,1,4,2,0,0,2,0,0,1,3,0,0,5,0,0
vanpoto01,2000,1,CHN,NL,51,9,0,0,0,0,0,0,0,0,0,4,0,0,2,0,0
whitero02,2000,2,CHN,NL,19,67,7,22,2,0,2,7,0,2,5,12,0,2,0,0,0
willibr01,2000,1,CHN,NL,22,2,0,1,1,0,0,1,0,0,0,0,0,0,0,0,0
woodke02,2000,1,CHN,NL,25,40,6,10,0,0,1,4,0,0,2,10,0,0,4,0,0
worreti01,2000,2,CHN,NL,54,2,0,0,0,0,0,0,0,0,0,1,0,0,0,0,0
youngda01,2000,1,CHN,NL,4,0,0,0,0,0,0,0,0,0,0,0,0,0,0,0,0
younger01,2000,1,CHN,NL,153,607,98,180,40,2,6,47,54,7,63,39,1,8,7,5,12
zuletju01,2000,1,CHN,NL,30,68,13,20,8,0,3,12,0,1,2,19,0,3,0,0,2
aybarma01,2001,1,CHN,NL,17,3,1,3,0,0,0,0,0,0,0,0,0,0,1,0,0
bereja01,2001,1,CHN,NL,32,62,2,12,4,0,0,2,0,0,0,18,0,0,7,0,2
borowjo01,2001,1,CHN,NL,1,0,0,0,0,0,0,0,0,0,0,0,0,0,0,0,0
brownro01,2001,1,CHN,NL,39,83,13,22,6,1,4,22,0,0,7,12,0,1,0,1,3
buforda01,2001,1,CHN,NL,35,85,11,15,2,0,3,8,0,0,4,23,0,0,0,0,3
cairomi01,2001,1,CHN,NL,66,123,20,35,3,1,2,9,2,1,16,21,1,0,7,1,3
chiassc01,2001,1,CHN,NL,6,0,0,0,0,0,0,0,0,0,0,0,0,0,0,0,0
coomero01,2001,1,CHN,NL,111,349,25,91,19,1,8,53,0,0,29,70,1,2,0,6,23
cruzju02,2001,1,CHN,NL,11,16,0,2,0,0,0,1,0,0,0,5,0,0,2,0,1
deshide01,2001,2,CHN,NL,68,163,26,45,9,3,2,16,12,1,28,35,0,0,3,1,5
duncaco01,2001,1,CHN,NL,36,3,1,0,0,0,0,1,0,0,2,1,0,0,0,0,0
dunwoto01,2001,1,CHN,NL,33,61,6,13,4,0,1,3,0,1,3,14,0,0,0,0,0
farnsky01,2001,1,CHN,NL,76,2,0,0,0,0,0,0,0,0,0,2,0,0,0,0,0
fasseje01,2001,1,CHN,NL,82,2,0,0,0,0,0,0,0,0,0,2,0,0,0,0,0
fyhrimi01,2001,1,CHN,NL,15,2,0,0,0,0,0,0,0,0,0,0,0,0,0,0,0
girarjo01,2001,1,CHN,NL,78,229,22,58,10,1,3,25,0,1,21,50,4,0,2,1,2
gordoto01,2001,1,CHN,NL,47,0,0,0,0,0,0,0,0,0,0,0,0,0,0,0,0
gutieri01,2001,1,CHN,NL,147,528,76,153,23,3,10,66,4,3,40,56,0,10,17,11,13
heredfe01,2001,1,CHN,NL,48,1,0,0,0,0,0,0,0,0,0,1,0,0,0,0,0
hundlto01,2001,1,CHN,NL,79,246,23,46,10,0,12,31,0,0,25,89,0,3,0,2,7
liebejo01,2001,1,CHN,NL,35,76,3,12,2,0,0,2,0,0,2,22,0,0,9,0,2
macharo01,2001,1,CHN,NL,52,135,13,30,10,0,2,13,0,0,7,26,3,1,3,0,4
mahayro01,2001,1,CHN,NL,17,2,0,0,0,0,0,0,0,0,0,1,0,0,0,0,0
matthga02,2001,1,CHN,NL,106,258,41,56,9,1,9,30,5,3,38,55,2,1,5,0,4
mcgrifr01,2001,2,CHN,NL,49,170,27,48,7,2,12,41,0,1,26,37,4,3,0,2,6
meyerch02,2001,1,CHN,NL,18,17,1,2,0,0,0,0,0,1,2,5,0,4,0,0,0
muellbi02,2001,1,CHN,NL,70,210,38,62,12,1,6,23,1,1,37,19,3,3,4,3,4
ohmanwi01,2001,1,CHN,NL,11,2,0,0,0,0,0,0,0,0,0,1,0,0,0,0,0
ojedaau01,2001,1,CHN,NL,78,144,16,29,5,1,1,12,1,0,12,20,1,2,2,2,2
patteco01,2001,1,CHN,NL,59,131,26,29,3,0,4,14,4,0,6,33,0,3,2,3,1
smithja05,2001,1,CHN,NL,2,1,0,0,0,0,0,0,0,0,0,1,0,0,0,0,0
sosasa01,2001,1,CHN,NL,160,577,146,189,34,5,64,160,0,2,116,153,37,6,0,12,6
stairma01,2001,1,CHN,NL,128,340,48,85,21,0,17,61,2,3,52,76,7,7,1,3,4
tapanke01,2001,1,CHN,NL,29,50,1,12,0,0,0,2,0,0,1,14,0,0,7,0,0
tavarju01,2001,1,CHN,NL,34,41,4,5,0,0,0,4,0,0,3,17,0,0,11,0,1
tuckemi01,2001,2,CHN,NL,63,205,31,54,9,7,5,31,4,3,23,47,3,1,5,1,4
vanpoto01,2001,1,CHN,NL,59,7,1,2,0,0,0,0,0,0,0,3,0,0,0,0,0
weathda01,2001,2,CHN,NL,28,0,0,0,0,0,0,0,0,0,0,0,0,0,0,0,0
whitero02,2001,1,CHN,NL,95,323,43,99,19,1,17,50,1,0,26,56,4,7,1,0,14
woodke02,2001,1,CHN,NL,29,48,3,9,1,0,0,2,0,0,1,15,0,0,13,0,0
younger01,2001,1,CHN,NL,149,603,98,168,43,4,6,42,31,14,42,45,1,9,15,3,15
zambrca01,2001,1,CHN,NL,6,2,0,0,0,0,0,0,0,0,0,0,0,0,0,0,0
zuletju01,2001,1,CHN,NL,49,106,11,23,3,0,6,24,0,1,8,32,1,3,0,1,3
alfonan01,2002,1,CHN,NL,66,3,0,2,0,0,0,2,0,0,0,0,0,0,0,0,0
aloumo01,2002,1,CHN,NL,132,484,50,133,23,1,15,61,8,0,47,61,4,0,0,3,15
bellhma01,2002,1,CHN,NL,146,445,86,115,24,4,27,56,7,5,76,144,3,6,2,0,6
beltrfr01,2002,1,CHN,NL,11,1,0,0,0,0,0,0,0,0,0,1,0,0,0,0,0
benesal01,2002,1,CHN,NL,7,13,0,1,0,0,0,0,0,0,1,8,0,0,0,0,0
bereja01,2002,1,CHN,NL,16,24,1,3,2,0,0,0,0,0,0,11,0,0,7,0,0
borowjo01,2002,1,CHN,NL,73,7,1,2,0,0,0,0,0,0,0,5,0,0,0,0,0
brownro01,2002,1,CHN,NL,111,204,14,43,12,0,3,23,2,2,23,50,0,3,0,1,4
chiassc01,2002,1,CHN,NL,4,0,0,0,0,0,0,0,0,0,0,0,0,0,0,0,0
choihe01,2002,1,CHN,NL,24,50,6,9,1,0,2,4,0,0,7,15,0,0,0,0,2
clemema01,2002,1,CHN,NL,32,61,4,3,2,0,0,4,0,0,1,34,0,3,10,0,1
cruzju02,2002,1,CHN,NL,45,14,0,2,0,0,0,0,0,0,0,4,0,0,2,0,0
cunnawi01,2002,1,CHN,NL,16,4,2,1,0,0,0,0,0,0,1,0,0,0,0,0,0
deshide01,2002,1,CHN,NL,67,146,20,28,6,1,3,10,10,1,21,38,2,0,6,1,0
duncaco01,2002,1,CHN,NL,2,0,0,0,0,0,0,0,0,0,0,0,0,0,0,0,0
echevan01,2002,1,CHN,NL,50,98,14,30,7,0,3,21,0,0,8,17,0,1,0,4,4
encarma01,2002,1,CHN,NL,3,7,0,0,0,0,0,0,0,0,2,3,0,0,0,0,0
farnsky01,2002,1,CHN,NL,45,1,0,0,0,0,0,1,0,0,0,0,0,0,0,1,0
fasseje01,2002,1,CHN,NL,57,3,0,1,0,0,0,0,0,0,0,2,0,0,0,0,0
girarjo01,2002,1,CHN,NL,90,234,19,53,10,1,1,13,1,0,16,35,3,0,5,1,10
gonzaal01,2002,1,CHN,NL,142,513,58,127,27,5,18,61,5,3,46,136,7,3,4,2,11
gordoto01,2002,1,CHN,NL,19,0,0,0,0,0,0,0,0,0,0,0,0,0,0,0,0
hermach01,2002,2,CHN,NL,35,43,3,9,3,0,1,3,0,0,5,14,0,0,1,0,0
hillbo01,2002,1,CHN,NL,59,190,26,48,7,2,4,20,6,1,17,42,4,4,4,0,0
hundlto01,2002,1,CHN,NL,92,266,32,56,8,0,16,35,0,0,32,80,3,3,1,1,6
lewisda01,2002,1,CHN,NL,58,79,7,19,3,1,0,7,1,3,7,11,0,3,2,0,0
liebejo01,2002,1,CHN,NL,21,43,2,7,1,0,0,0,0,0,1,10,0,0,4,0,2
macharo01,2002,1,CHN,NL,22,58,5,16,4,0,1,5,0,0,5,11,0,0,1,0,2
mahayro01,2002,1,CHN,NL,11,0,0,0,0,0,0,0,0,0,0,0,0,0,0,0,0
mahompa01,2002,1,CHN,NL,18,5,1,0,0,0,0,0,0,0,0,3,0,0,0,0,0
mahonmi02,2002,1,CHN,NL,16,29,2,6,3,0,0,3,0,0,1,10,1,0,1,0,1
mcgrifr01,2002,1,CHN,NL,146,523,67,143,27,2,30,103,1,2,63,99,6,4,0,5,13
muellbi02,2002,1,CHN,NL,103,353,51,94,19,4,7,37,0,0,51,41,2,0,4,5,8
ojedaau01,2002,1,CHN,NL,30,70,4,13,4,0,0,4,1,0,5,5,0,1,4,1,2
orieke01,2002,1,CHN,NL,13,32,4,9,3,0,0,5,0,0,1,4,0,1,0,2,1
osbordo01,2002,1,CHN,NL,11,3,0,0,0,0,0,0,0,0,0,1,0,0,0,0,0
patteco01,2002,1,CHN,NL,153,592,71,150,30,5,14,54,18,3,19,142,1,8,4,5,8
priorma01,2002,1,CHN,NL,19,35,3,6,4,0,0,4,0,0,2,15,0,0,2,0,1
sanchje01,2002,1,CHN,NL,8,1,0,0,0,0,0,0,0,0,0,0,0,0,0,0,0
smythst01,2002,1,CHN,NL,8,9,1,2,0,0,0,1,0,0,0,1,0,0,1,0,1
sosasa01,2002,1,CHN,NL,150,556,122,160,19,2,49,108,2,0,103,144,15,3,0,4,14
stynech01,2002,1,CHN,NL,98,195,25,47,9,1,5,26,1,1,21,29,1,1,5,3,5
woodke02,2002,1,CHN,NL,33,72,5,12,0,0,1,5,0,0,3,28,0,0,6,0,0
zambrca01,2002,1,CHN,NL,32,30,0,1,1,0,0,0,0,0,0,15,0,0,2,0,0
alfonan01,2003,1,CHN,NL,60,0,0,0,0,0,0,0,0,0,0,0,0,0,1,0,0
aloumo01,2003,1,CHN,NL,151,565,83,158,35,1,22,91,3,1,63,67,7,7,0,3,16
bakopa01,2003,1,CHN,NL,70,188,19,43,13,3,0,17,0,1,22,47,3,1,1,1,2
bellhma01,2003,1,CHN,NL,51,139,15,29,7,1,2,22,3,3,29,46,1,1,0,4,2
benesal01,2003,1,CHN,NL,3,1,0,0,0,0,0,0,0,0,0,0,0,0,0,0,0
borowjo01,2003,1,CHN,NL,68,0,0,0,0,0,0,0,0,0,0,0,0,0,0,0,0
choihe01,2003,1,CHN,NL,80,202,31,44,17,0,8,28,1,1,37,71,1,4,2,0,2
clemema01,2003,1,CHN,NL,32,62,3,9,2,0,0,3,0,0,0,26,0,1,8,0,0
cruzju02,2003,1,CHN,NL,25,12,1,3,0,1,0,1,0,0,0,5,0,0,1,0,0
estessh01,2003,1,CHN,NL,30,39,4,7,1,0,1,3,0,0,2,17,0,0,9,1,0
farnsky01,2003,1,CHN,NL,77,1,0,0,0,0,0,0,0,0,0,0,0,0,0,0,0
glanvdo01,2003,2,CHN,NL,28,51,2,12,0,0,1,2,0,1,2,4,0,0,1,1,0
gonzaal01,2003,1,CHN,NL,152,536,71,122,37,0,20,59,3,3,47,123,1,6,8,4,17
goodwto01,2003,1,CHN,NL,87,171,26,49,10,0,1,12,19,5,11,33,0,0,1,1,3
grudzma01,2003,1,CHN,NL,121,481,73,151,38,1,3,38,6,2,30,64,0,11,7,2,12
guthrma01,2003,1,CHN,NL,65,1,0,0,0,0,0,0,0,0,0,1,0,0,0,0,0
harrile01,2003,1,CHN,NL,75,131,11,24,3,0,1,7,1,0,13,20,3,0,1,1,1
hernajo01,2003,2,CHN,NL,23,69,6,13,3,1,2,9,0,0,3,26,0,0,0,0,1
hillbo01,2003,1,CHN,NL,5,4,0,1,0,0,0,0,0,0,1,2,0,0,0,0,1
hubbatr01,2003,1,CHN,NL,10,16,2,4,1,0,0,2,1,0,4,3,0,1,0,0,0
karroer01,2003,1,CHN,NL,114,336,37,96,16,1,12,40,1,1,28,46,1,0,0,1,14
keltoda01,2003,1,CHN,NL,10,12,1,2,1,0,0,1,0,0,0,5,0,0,0,0,0
loftoke01,2003,2,CHN,NL,56,208,39,68,13,4,3,20,12,4,18,22,2,2,5,3,4
martira03,2003,1,CHN,NL,108,293,30,83,16,1,3,34,0,1,24,50,1,2,6,8,8
milleda02,2003,1,CHN,NL,114,352,34,82,19,1,9,36,1,0,39,91,6,1,7,1,15
mitrese01,2003,1,CHN,NL,3,2,1,1,0,0,0,0,0,0,0,1,0,0,0,0,0
nortoph01,2003,1,CHN,NL,4,0,0,0,0,0,0,0,0,0,0,0,0,0,0,0,0
ojedaau01,2003,1,CHN,NL,12,25,2,3,0,0,0,0,0,0,1,5,1,1,0,0,1
oleartr01,2003,1,CHN,NL,93,174,18,38,9,0,5,28,3,0,14,31,1,1,1,4,8
patteco01,2003,1,CHN,NL,83,329,49,98,17,7,13,55,16,5,15,77,2,1,0,2,5
pauljo01,2003,2,CHN,NL,3,6,0,0,0,0,0,0,0,0,0,3,0,0,1,0,0
priorma01,2003,1,CHN,NL,32,72,6,18,4,0,1,6,0,0,2,27,0,0,7,0,1
ramirar01,2003,2,CHN,NL,63,232,31,60,7,1,15,39,1,1,17,31,0,3,0,3,4
remlimi01,2003,1,CHN,NL,73,1,0,0,0,0,0,0,0,0,0,1,0,0,0,0,0
sanchfe01,2003,1,CHN,NL,3,0,0,0,0,0,0,0,0,0,0,0,0,0,0,0,0
simonra01,2003,2,CHN,NL,33,103,13,29,3,0,6,21,0,0,4,7,1,2,0,1,1
sosasa01,2003,1,CHN,NL,137,517,99,144,22,0,40,103,0,1,62,143,9,5,0,5,14
veresda01,2003,1,CHN,NL,31,0,0,0,0,0,0,0,0,0,0,0,0,0,0,0,0
welleto01,2003,1,CHN,NL,15,1,0,0,0,0,0,0,0,0,1,0,0,0,1,0,0
womacto01,2003,3,CHN,NL,21,51,4,12,2,1,0,2,2,1,1,11,0,0,0,0,0
woodke02,2003,1,CHN,NL,32,61,4,10,1,0,2,6,0,0,1,26,0,0,8,0,1
zambrca01,2003,1,CHN,NL,32,75,9,18,5,0,2,6,0,0,1,26,0,0,4,0,2
aloumo01,2004,1,CHN,NL,155,601,106,176,36,3,39,106,3,0,68,80,2,0,0,6,12
anderji02,2004,1,CHN,NL,7,1,0,0,0,0,0,0,0,0,0,0,0,0,0,0,0
bakopa01,2004,1,CHN,NL,49,138,13,28,8,0,1,10,1,0,15,29,3,2,1,1,4
barremi01,2004,1,CHN,NL,134,456,55,131,32,6,16,65,1,4,33,64,4,5,4,8,13
beltrfr01,2004,1,CHN,NL,34,1,0,0,0,0,0,0,0,0,0,0,0,0,0,0,0
borowjo01,2004,1,CHN,NL,22,0,0,0,0,0,0,0,0,0,0,0,0,0,0,0,0
clemema01,2004,1,CHN,NL,30,55,2,8,1,0,0,2,0,0,1,29,0,0,4,1,0
dempsry01,2004,1,CHN,NL,23,1,0,0,0,0,0,0,0,0,0,1,0,0,0,0,0
difelmi01,2004,2,CHN,NL,4,3,0,0,0,0,0,0,0,0,0,1,0,0,0,0,0
duboija01,2004,1,CHN,NL,20,23,2,5,0,1,1,5,0,0,1,7,0,0,0,1,0
farnsky01,2004,1,CHN,NL,72,1,0,0,0,0,0,0,0,0,0,0,0,0,0,0,0
garcino01,2004,2,CHN,NL,43,165,28,49,14,0,4,20,2,1,16,14,0,2,1,1,6
gonzaal01,2004,1,CHN,NL,37,129,15,28,10,0,3,8,1,1,4,26,0,0,2,0,6
goodwto01,2004,1,CHN,NL,77,105,11,21,8,0,0,3,5,0,8,22,0,0,0,1,1
grievbe01,2004,2,CHN,NL,15,16,2,4,2,0,1,6,0,0,0,5,0,2,0,1,0
grudzma01,2004,1,CHN,NL,81,257,32,79,12,1,6,23,1,1,15,32,0,1,4,1,7
harribr01,2004,1,CHN,NL,3,9,0,2,1,0,0,1,0,0,1,1,0,0,0,0,0
hawkila01,2004,1,CHN,NL,77,0,0,0,0,0,0,0,0,0,0,0,0,0,0,0,0
hollato01,2004,1,CHN,NL,57,148,28,47,6,2,8,22,1,1,17,26,3,1,1,0,2
jacksda04,2004,1,CHN,NL,7,15,1,1,0,0,1,1,0,0,3,6,2,0,0,0,0
keltoda01,2004,1,CHN,NL,8,10,1,1,1,0,0,0,0,0,0,3,0,0,0,0,0
leede02,2004,1,CHN,NL,161,605,90,168,39,1,32,98,12,5,68,128,4,8,2,5,14
leicejo01,2004,1,CHN,NL,32,1,0,0,0,0,0,0,0,0,0,0,0,0,0,0,0
maciajo01,2004,1,CHN,NL,98,194,23,52,6,3,3,22,4,1,5,38,0,2,2,1,2
maddugr01,2004,1,CHN,NL,34,69,5,11,0,0,0,5,1,0,1,12,0,0,9,0,1
martira03,2004,1,CHN,NL,102,260,22,64,15,1,3,30,1,0,26,40,3,1,7,4,5
merckke01,2004,1,CHN,NL,71,2,0,0,0,0,0,0,0,0,0,0,0,0,0,0,0
mitrese01,2004,1,CHN,NL,13,15,0,1,1,0,0,0,0,0,1,8,0,0,3,0,0
murraca01,2004,1,CHN,NL,11,5,2,1,0,0,0,1,0,0,1,0,0,0,0,0,0
ordonre01,2004,1,CHN,NL,23,61,2,10,3,0,1,5,0,0,2,14,0,0,4,0,1
patteco01,2004,1,CHN,NL,157,631,91,168,33,6,24,72,32,9,45,168,7,5,5,1,7
perezne01,2004,2,CHN,NL,23,62,12,23,5,0,2,6,1,0,3,6,0,0,2,0,1
prattan01,2004,1,CHN,NL,4,0,0,0,0,0,0,0,0,0,0,0,0,0,0,0,0
priorma01,2004,1,CHN,NL,21,36,5,5,0,0,0,0,0,0,2,20,0,0,6,0,0
ramirar01,2004,1,CHN,NL,145,547,99,174,32,1,36,103,0,2,49,62,6,3,0,7,25
remlimi01,2004,1,CHN,NL,48,1,0,0,0,0,0,0,0,0,0,1,0,0,0,0,0
ruschgl01,2004,1,CHN,NL,33,39,3,6,1,0,2,3,0,0,0,11,0,0,7,0,0
sosasa01,2004,1,CHN,NL,126,478,69,121,21,0,35,80,0,0,56,133,4,2,0,3,9
walketo04,2004,1,CHN,NL,129,372,60,102,19,4,15,50,0,3,43,52,8,4,1,4,2
welleto01,2004,1,CHN,NL,20,0,0,0,0,0,0,0,0,0,0,0,0,0,0,0,0
woodke02,2004,1,CHN,NL,22,45,2,6,1,0,1,3,0,0,2,11,0,0,5,1,0
wuertmi01,2004,1,CHN,NL,31,1,0,0,0,0,0,0,0,0,0,1,0,0,0,0,0
zambrca01,2004,1,CHN,NL,31,70,8,16,1,0,1,5,0,0,3,29,0,0,8,1,2
barremi01,2005,1,CHN,NL,133,424,48,117,32,3,16,61,0,3,40,61,3,7,2,4,7
bartocl01,2005,1,CHN,NL,19,1,0,1,0,0,0,0,0,0,0,0,0,0,0,0,0
blanche01,2005,1,CHN,NL,54,161,16,39,6,0,6,25,0,0,11,24,1,0,4,2,6
borowjo01,2005,1,CHN,NL,11,0,0,0,0,0,0,0,0,0,0,0,0,0,0,0,0
burnije01,2005,1,CHN,NL,160,605,84,156,31,2,24,87,5,4,57,109,3,3,1,5,12
cedenro02,2005,1,CHN,NL,41,80,13,24,3,0,1,6,1,0,5,11,1,2,2,0,4
dempsry01,2005,1,CHN,NL,63,14,0,1,0,0,0,0,0,0,0,5,0,0,0,0,0
duboija01,2005,1,CHN,NL,52,142,15,34,12,0,7,22,0,1,7,49,1,3,0,0,3
fontemi01,2005,1,CHN,NL,7,2,4,0,0,0,0,0,0,0,2,0,0,1,0,0,0
foxch02,2005,1,CHN,NL,11,0,0,0,0,0,0,0,0,0,0,0,0,0,0,0,0
garcino01,2005,1,CHN,NL,62,230,28,65,12,0,9,30,0,0,12,24,0,2,0,3,6
gerutjo01,2005,2,CHN,NL,11,14,1,1,1,0,0,0,0,0,2,3,0,0,0,0,0
greenad01,2005,1,CHN,NL,1,0,0,0,0,0,0,0,0,0,0,0,0,1,0,0,0
grievbe01,2005,1,CHN,NL,23,20,1,5,0,0,0,1,0,0,5,7,1,0,0,0,0
hairsje02,2005,1,CHN,NL,114,380,51,99,25,2,4,30,8,9,31,46,0,12,7,0,5
hawkila01,2005,1,CHN,NL,21,0,0,0,0,0,0,0,0,0,0,0,0,0,0,0,0
hillri01,2005,1,CHN,NL,10,6,1,2,0,0,0,0,0,0,0,2,0,0,0,0,0
hollato01,2005,1,CHN,NL,107,268,23,68,17,2,5,35,4,4,18,53,1,1,1,2,4
koronjo01,2005,1,CHN,NL,4,4,0,0,0,0,0,0,0,0,1,3,0,0,0,0,0
lawtoma02,2005,2,CHN,NL,19,78,8,19,2,0,1,5,1,0,4,8,0,1,0,0,3
leede02,2005,1,CHN,NL,158,594,120,199,50,3,46,107,15,3,85,109,23,5,0,7,12
leicejo01,2005,1,CHN,NL,6,0,0,0,0,0,0,0,0,0,0,0,0,0,1,0,0
maciajo01,2005,1,CHN,NL,112,177,15,45,8,0,1,13,4,3,6,24,0,0,4,3,6
maddugr01,2005,1,CHN,NL,35,76,4,13,0,0,1,5,1,0,0,15,0,0,7,0,4
mcclasc01,2005,1,CHN,NL,13,14,1,2,1,0,0,1,0,0,2,2,0,0,0,0,1
mitrese01,2005,1,CHN,NL,21,11,2,4,1,0,0,1,0,0,0,1,0,0,1,0,0
murtoma01,2005,1,CHN,NL,51,140,19,45,3,2,7,14,2,1,16,22,4,0,2,2,4
novoaro01,2005,1,CHN,NL,49,1,0,0,0,0,0,0,0,0,0,0,0,0,0,0,0
ohmanwi01,2005,1,CHN,NL,69,0,0,0,0,0,0,0,0,0,0,0,0,0,0,0,0
patteco01,2005,1,CHN,NL,126,451,47,97,15,3,13,34,15,5,23,118,3,1,5,1,5
perezne01,2005,1,CHN,NL,154,572,59,157,33,1,9,54,8,4,18,47,3,3,12,4,22
priorma01,2005,1,CHN,NL,27,48,5,11,2,0,0,3,0,0,2,14,0,0,6,0,0
ramirar01,2005,1,CHN,NL,123,463,72,140,30,0,31,92,0,1,35,60,4,6,0,2,15
remlimi01,2005,1,CHN,NL,35,0,0,0,0,0,0,0,0,0,0,0,0,0,0,0,0
ruschgl01,2005,1,CHN,NL,46,41,2,6,2,0,0,0,0,0,1,9,0,1,0,0,2
sotoge01,2005,1,CHN,NL,1,1,0,0,0,0,0,0,0,0,0,0,0,0,0,0,0
theriry01,2005,1,CHN,NL,9,13,3,2,1,0,0,0,0,0,1,2,0,0,0,0,0
vanbuje01,2005,1,CHN,NL,6,0,0,0,0,0,0,0,0,0,0,0,0,0,0,0,0
walketo04,2005,1,CHN,NL,110,397,50,121,25,3,12,40,1,1,31,40,1,1,2,2,8
welleto01,2005,1,CHN,NL,22,4,1,1,0,0,0,0,0,0,0,2,0,0,0,0,0
willije02,2005,2,CHN,NL,18,30,1,3,1,0,0,0,0,0,0,16,0,0,6,0,0
willisc01,2005,1,CHN,NL,17,0,0,0,0,0,0,0,0,0,0,0,0,0,0,0,0
wilsoen01,2005,1,CHN,NL,15,22,1,3,2,0,0,0,0,0,3,1,0,0,0,0,0
woodke02,2005,1,CHN,NL,21,18,0,2,2,0,0,2,0,0,1,6,0,0,2,0,0
wuertmi01,2005,1,CHN,NL,75,2,0,0,0,0,0,0,0,0,0,2,0,0,0,0,0
zambrca01,2005,1,CHN,NL,34,80,8,24,6,2,1,6,0,0,0,25,0,0,4,0,2
aardsda01,2006,1,CHN,NL,45,2,0,0,0,0,0,0,0,0,0,0,0,0,1,0,0
barremi01,2006,1,CHN,NL,107,375,54,115,25,3,16,53,0,1,33,41,2,5,2,3,12
blanche01,2006,1,CHN,NL,74,241,23,64,15,2,6,37,0,0,14,38,1,0,4,2,8
bynumfr01,2006,1,CHN,NL,71,136,20,35,5,5,4,12,8,4,9,44,0,1,2,0,2
cedenro02,2006,1,CHN,NL,151,534,51,131,18,7,6,41,8,8,17,109,4,3,15,3,10
coatsbu01,2006,1,CHN,NL,18,18,2,3,1,0,1,1,0,0,0,6,0,0,0,0,1
dempsry01,2006,1,CHN,NL,74,2,0,0,0,0,0,0,0,0,0,2,0,0,0,0,0
eyresc01,2006,1,CHN,NL,74,1,0,0,0,0,0,0,0,0,0,0,0,0,0,0,0
guzmaan01,2006,1,CHN,NL,15,12,0,2,1,0,0,2,0,0,0,4,0,0,4,0,1
hairsje02,2006,1,CHN,NL,38,82,8,17,3,0,0,4,3,0,4,14,2,1,5,0,1
hillri01,2006,1,CHN,NL,17,30,0,3,1,0,0,0,0,0,1,11,0,0,3,0,0
howrybo01,2006,1,CHN,NL,84,1,0,1,0,0,0,0,0,0,0,0,0,0,0,0,0
izturce01,2006,2,CHN,NL,22,73,4,17,2,0,0,6,0,1,5,8,0,0,1,0,3
jonesja04,2006,1,CHN,NL,149,533,73,152,31,1,27,81,9,1,35,116,6,5,2,2,17
leede02,2006,1,CHN,NL,50,175,30,50,9,0,8,30,8,4,25,41,1,0,0,4,11
mabryjo01,2006,1,CHN,NL,107,210,16,43,8,1,5,25,0,0,23,57,0,1,0,3,5
maddugr01,2006,1,CHN,NL,22,43,2,4,1,0,0,4,1,0,2,17,0,0,3,0,0
marmoca01,2006,1,CHN,NL,21,23,3,6,1,0,1,1,0,0,0,7,0,0,1,0,1
marshse01,2006,1,CHN,NL,24,40,3,5,0,0,1,2,0,0,0,19,0,0,3,0,0
mateoju02,2006,1,CHN,NL,12,12,1,0,0,0,0,0,0,0,0,9,0,0,2,0,0
millewa04,2006,1,CHN,NL,5,7,0,1,0,0,0,0,0,0,0,5,0,0,0,0,0
mooresc02,2006,1,CHN,NL,16,38,6,10,2,0,2,5,0,0,2,10,0,1,1,0,1
murtoma01,2006,1,CHN,NL,144,455,70,135,22,3,13,62,5,2,45,62,1,5,1,2,16
nevinph01,2006,2,CHN,NL,67,179,26,49,4,0,12,33,0,0,17,52,0,0,0,1,4
novoaro01,2006,1,CHN,NL,66,5,0,1,1,0,0,1,0,0,0,2,0,0,0,0,1
ohmanwi01,2006,1,CHN,NL,78,1,0,1,0,0,0,0,0,0,0,0,0,0,0,0,0
omallry01,2006,1,CHN,NL,2,4,0,0,0,0,0,0,0,0,0,3,0,0,0,0,0
paganan01,2006,1,CHN,NL,77,170,28,42,6,2,5,18,4,2,15,28,0,0,1,1,3
perezne01,2006,1,CHN,NL,87,236,27,60,13,1,2,24,0,1,5,21,2,0,2,3,3
pierrju01,2006,1,CHN,NL,162,699,87,204,32,13,3,40,58,20,32,38,0,8,10,1,6
priorma01,2006,1,CHN,NL,9,13,0,1,0,0,0,0,0,0,0,5,0,0,1,0,0
ramirar01,2006,1,CHN,NL,157,594,93,173,38,4,38,119,2,1,50,63,4,9,0,7,15
restomi01,2006,1,CHN,NL,10,12,0,2,1,0,0,1,0,0,1,5,0,0,0,0,0
reyesjo02,2006,1,CHN,NL,4,5,0,1,0,0,0,2,0,0,0,3,0,0,0,0,0
ruschgl01,2006,1,CHN,NL,25,15,1,3,1,0,0,0,0,0,0,4,0,0,3,0,0
ryuja01,2006,1,CHN,NL,10,1,0,0,0,0,0,0,0,0,0,1,0,0,0,0,0
sotoge01,2006,1,CHN,NL,11,25,1,5,1,0,0,2,0,0,0,5,0,1,0,0,0
theriry01,2006,1,CHN,NL,53,134,34,44,11,3,3,16,13,2,17,18,0,2,6,0,5
walketo04,2006,1,CHN,NL,94,318,38,88,16,1,6,40,0,1,38,27,1,1,1,4,7
walrole01,2006,1,CHN,NL,10,2,0,0,0,0,0,0,0,0,0,1,0,0,1,0,0
willije02,2006,1,CHN,NL,5,2,0,0,0,0,0,0,0,0,0,1,0,0,0,0,0
willisc01,2006,1,CHN,NL,31,0,0,0,0,0,0,0,0,0,0,0,0,0,0,0,0
womacto01,2006,2,CHN,NL,19,50,6,14,1,0,1,2,1,1,4,4,0,0,3,0,0
woodke02,2006,1,CHN,NL,4,6,0,3,1,0,0,2,0,0,0,0,0,0,0,0,0
wuertmi01,2006,1,CHN,NL,41,0,0,0,0,0,0,0,0,0,0,0,0,0,1,0,0
zambrca01,2006,1,CHN,NL,37,73,9,11,0,0,6,11,1,0,1,27,0,0,5,1,2
barremi01,2007,1,CHN,NL,57,211,23,54,9,0,9,29,2,2,17,36,3,0,0,3,5
blanche01,2007,1,CHN,NL,22,54,3,9,3,0,0,4,0,0,2,12,0,0,1,1,0
bowenro01,2007,2,CHN,NL,10,31,3,2,1,0,0,2,0,0,4,13,0,0,0,1,2
cedenro02,2007,1,CHN,NL,38,74,6,15,2,0,4,13,2,1,3,18,0,0,2,1,0
cherrro01,2007,1,CHN,NL,12,1,0,0,0,0,0,0,0,0,0,0,0,0,0,0,0
cottsne01,2007,1,CHN,NL,16,0,0,0,0,0,0,0,0,0,0,0,0,0,0,0,0
dempsry01,2007,1,CHN,NL,66,1,0,0,0,0,0,0,0,0,0,0,0,0,0,0,0
derosma01,2007,1,CHN,NL,149,502,64,147,28,3,10,72,1,2,58,93,2,7,3,4,17
eyresc01,2007,1,CHN,NL,55,1,0,0,0,0,0,0,0,0,0,0,0,0,0,0,0
floydcl01,2007,1,CHN,NL,108,282,40,80,10,1,9,45,0,0,35,47,5,5,0,0,6
fontemi01,2007,1,CHN,NL,86,234,32,65,12,4,3,29,5,4,22,43,0,0,1,3,5
foxja02,2007,1,CHN,NL,7,14,3,2,2,0,0,1,0,0,1,2,0,0,0,0,1
fuldsa01,2007,1,CHN,NL,14,6,3,0,0,0,0,0,0,0,3,3,0,0,0,0,0
gallase01,2007,1,CHN,NL,8,1,0,0,0,0,0,0,0,0,0,0,0,1,0,0,0
guzmaan01,2007,1,CHN,NL,12,7,0,0,0,0,0,0,0,0,0,2,0,0,0,0,0
hartke01,2007,1,CHN,NL,8,0,0,0,0,0,0,0,0,0,0,0,0,0,0,0,0
hillko01,2007,1,CHN,NL,36,93,7,15,4,0,2,12,0,0,8,18,0,1,1,2,4
hillri01,2007,1,CHN,NL,32,63,0,8,2,0,0,5,0,0,1,33,0,0,3,0,1
howrybo01,2007,1,CHN,NL,78,0,0,0,0,0,0,0,0,0,0,0,0,0,0,0,0
izturce01,2007,1,CHN,NL,65,191,15,47,11,0,0,8,3,0,13,16,2,1,2,0,6
jonesja04,2007,1,CHN,NL,135,453,52,129,33,2,5,66,6,3,34,70,5,2,3,3,15
kendaja01,2007,2,CHN,NL,57,174,21,47,10,1,1,19,0,3,19,15,2,6,3,0,1
leede02,2007,1,CHN,NL,150,567,91,180,43,1,22,82,6,5,71,114,8,9,0,3,15
lillyte01,2007,1,CHN,NL,34,73,5,10,1,0,0,5,1,0,1,32,0,0,3,0,1
marmoca01,2007,1,CHN,NL,59,6,0,0,0,0,0,0,0,0,0,3,0,0,1,0,0
marquja01,2007,1,CHN,NL,40,72,9,10,3,0,1,4,0,0,1,24,0,0,4,0,0
marshse01,2007,1,CHN,NL,21,29,1,3,1,0,0,0,0,0,1,13,0,0,4,0,0
millewa04,2007,1,CHN,NL,3,4,0,1,0,0,0,0,0,0,0,0,0,0,0,0,0
monrocr01,2007,2,CHN,NL,23,49,6,10,4,0,1,4,0,1,6,13,0,0,0,0,3
mooresc02,2007,1,CHN,NL,2,5,0,0,0,0,0,0,0,0,0,2,0,0,0,0,0
murtoma01,2007,1,CHN,NL,94,235,35,66,13,0,8,22,1,0,26,39,0,0,0,0,4
ohmanwi01,2007,1,CHN,NL,56,0,0,0,0,0,0,0,0,0,0,0,0,0,0,0,0
paganan01,2007,1,CHN,NL,71,148,21,39,10,2,4,21,4,1,10,32,0,0,1,2,0
patteer01,2007,1,CHN,NL,7,8,0,2,1,0,0,0,0,0,0,3,0,0,1,0,0
petribi01,2007,1,CHN,NL,8,0,0,0,0,0,0,0,0,0,0,0,0,0,0,0,0
piefe01,2007,1,CHN,NL,87,177,26,38,9,3,2,20,8,1,14,43,0,0,2,1,0
pignaca01,2007,1,CHN,NL,4,0,0,0,0,0,0,0,0,0,0,0,0,0,0,0,0
ramirar01,2007,1,CHN,NL,132,506,72,157,35,4,26,101,0,0,43,66,8,4,0,5,13
rapadcl01,2007,1,CHN,NL,1,0,0,0,0,0,0,0,0,0,0,0,0,0,0,0,0
soriaal01,2007,1,CHN,NL,135,579,97,173,42,5,33,70,19,6,31,130,4,4,0,3,9
sotoge01,2007,1,CHN,NL,18,54,12,21,6,0,3,8,0,0,5,14,0,0,0,1,1
theriry01,2007,1,CHN,NL,148,537,80,143,30,2,3,45,28,4,49,50,1,0,8,3,12
trachst01,2007,2,CHN,NL,4,7,0,1,0,0,0,0,0,0,0,1,0,0,0,0,0
wardda01,2007,1,CHN,NL,79,110,16,36,13,0,3,19,0,0,22,23,8,0,0,1,6
woodke02,2007,1,CHN,NL,22,1,0,0,0,0,0,0,0,0,0,1,0,0,0,0,0
wuertmi01,2007,1,CHN,NL,73,2,0,0,0,0,0,0,0,0,0,1,0,0,0,0,0
zambrca01,2007,1,CHN,NL,37,81,9,20,2,0,2,5,0,0,0,29,0,0,5,0,0
ascanjo01,2008,1,CHN,NL,6,0,0,0,0,0,0,0,0,0,0,0,0,0,0,0,0
blanche01,2008,1,CHN,NL,58,120,15,35,3,0,3,12,0,0,6,22,1,0,2,0,4
cedenro02,2008,1,CHN,NL,99,216,36,58,12,0,2,28,4,1,18,41,2,1,1,0,6
cottsne01,2008,1,CHN,NL,50,1,0,0,0,0,0,0,0,0,0,1,0,0,0,0,0
dempsry01,2008,1,CHN,NL,33,61,4,10,2,0,0,2,0,0,2,19,0,0,19,0,1
derosma01,2008,1,CHN,NL,149,505,103,144,30,3,21,87,6,0,69,106,0,9,2,8,9
edmonji01,2008,2,CHN,NL,85,250,47,64,17,2,19,49,0,1,45,58,2,1,0,2,7
eyresc01,2008,1,CHN,NL,19,0,0,0,0,0,0,0,0,0,0,0,0,0,0,0,0
fontemi01,2008,1,CHN,NL,119,243,42,74,22,1,9,40,2,0,34,51,2,3,3,1,1
foxch02,2008,1,CHN,NL,3,0,0,0,0,0,0,0,0,0,0,0,0,0,0,0,0
fukudko01,2008,1,CHN,NL,150,501,79,129,25,3,10,58,12,4,81,104,9,1,2,5,7
gallase01,2008,1,CHN,NL,12,10,0,0,0,0,0,0,0,0,0,6,0,0,3,0,0
gaudich01,2008,2,CHN,NL,24,0,0,0,0,0,0,0,0,0,0,0,0,0,0,0,0
guzmaan01,2008,1,CHN,NL,6,0,0,0,0,0,0,0,0,0,0,0,0,0,0,0,0
harderi01,2008,2,CHN,NL,12,23,1,2,0,0,0,1,0,0,0,12,0,0,3,0,1
hartke01,2008,1,CHN,NL,21,5,1,0,0,0,0,0,0,0,0,2,0,0,0,0,0
hillko01,2008,1,CHN,NL,10,21,0,2,1,0,0,1,0,0,0,12,0,0,1,0,0
hillri01,2008,1,CHN,NL,5,7,0,0,0,0,0,0,0,0,0,2,0,0,0,0,0
hoffpmi01,2008,1,CHN,NL,33,73,14,25,8,0,2,8,1,0,6,24,0,1,0,0,0
howrybo01,2008,1,CHN,NL,72,1,0,0,0,0,0,0,0,0,0,1,0,0,0,0,0
johnsre02,2008,1,CHN,NL,109,333,52,101,21,0,6,50,5,6,19,68,1,12,5,5,3
leede02,2008,1,CHN,NL,155,623,93,181,41,3,20,90,8,2,71,119,3,0,0,4,27
liebejo01,2008,1,CHN,NL,26,5,0,0,0,0,0,0,0,0,0,4,0,0,1,0,0
lillyte01,2008,1,CHN,NL,34,62,2,11,2,0,0,5,1,0,1,29,0,0,12,0,0
marmoca01,2008,1,CHN,NL,82,1,0,0,0,0,0,0,0,0,0,1,0,0,1,0,0
marquja01,2008,1,CHN,NL,39,59,8,12,3,0,2,10,0,0,3,17,0,0,4,0,0
marshse01,2008,1,CHN,NL,34,15,0,5,0,0,0,1,0,0,0,7,0,0,0,0,1
mcgehca01,2008,1,CHN,NL,9,24,1,4,1,0,0,5,0,0,0,8,0,0,0,1,1
murtoma01,2008,1,CHN,NL,19,40,2,10,2,0,0,6,0,0,1,5,0,1,0,0,2
patteer01,2008,1,CHN,NL,13,38,5,9,1,0,1,7,2,1,5,12,0,0,0,1,1
piefe01,2008,1,CHN,NL,43,83,9,20,2,1,1,10,3,0,7,29,0,2,0,1,3
pignaca01,2008,1,CHN,NL,2,0,0,0,0,0,0,0,0,0,0,0,0,0,0,0,0
ramirar01,2008,1,CHN,NL,149,554,97,160,44,1,27,111,2,2,74,94,7,11,0,6,13
samarje01,2008,1,CHN,NL,26,1,0,0,0,0,0,0,0,0,0,1,0,0,0,0,0
soriaal01,2008,1,CHN,NL,109,453,76,127,27,0,29,75,19,3,43,103,11,3,0,4,9
sotoge01,2008,1,CHN,NL,141,494,66,141,35,2,23,86,0,1,62,121,6,2,0,5,11
theriry01,2008,1,CHN,NL,149,580,85,178,19,4,1,38,22,13,73,58,1,3,4,1,19
wardda01,2008,1,CHN,NL,89,102,8,22,7,0,4,17,0,0,16,24,3,0,0,1,4
wellsra01,2008,2,CHN,NL,3,0,0,0,0,0,0,0,0,0,0,0,0,0,0,0,0
woodke02,2008,1,CHN,NL,65,0,0,0,0,0,0,0,0,0,0,0,0,0,0,0,0
wuertmi01,2008,1,CHN,NL,45,1,0,0,0,0,0,0,0,0,0,1,0,0,0,0,0
zambrca01,2008,1,CHN,NL,38,83,9,28,4,1,4,14,0,0,0,24,0,0,2,0,4
ascanjo01,2009,1,CHN,NL,14,2,0,0,0,0,0,0,0,0,0,1,0,0,0,0,0
atkinmi01,2009,1,CHN,NL,2,0,0,0,0,0,0,0,0,0,0,0,0,0,0,0,0
bakerje03,2009,2,CHN,NL,69,203,27,62,15,1,4,21,0,0,17,46,0,2,0,2,5
bergju01,2009,1,CHN,NL,11,0,0,0,0,0,0,0,0,0,0,0,0,0,0,0,0
blancan01,2009,1,CHN,NL,53,123,15,31,8,0,1,12,0,2,8,14,3,1,6,0,4
bradlmi01,2009,1,CHN,NL,124,393,61,101,17,1,12,40,2,3,66,95,4,11,2,1,10
carides01,2009,1,CHN,NL,14,2,0,0,0,0,0,0,0,0,0,0,0,0,0,0,0
colvity01,2009,1,CHN,NL,6,17,1,3,0,0,0,2,0,0,2,5,0,0,0,1,0
cottsne01,2009,1,CHN,NL,19,0,0,0,0,0,0,0,0,0,0,0,0,0,0,0,0
dempsry01,2009,1,CHN,NL,31,64,2,8,1,0,0,5,0,0,4,20,0,0,7,0,0
fontemi01,2009,1,CHN,NL,135,377,38,89,22,2,9,43,4,1,35,83,4,2,0,5,7
foxch02,2009,1,CHN,NL,2,0,0,0,0,0,0,0,0,0,0,0,0,0,0,0,0
foxja02,2009,1,CHN,NL,82,216,23,56,12,0,11,44,0,0,14,47,1,5,0,6,5
freelry01,2009,2,CHN,NL,14,28,1,4,0,0,0,1,1,0,2,7,0,1,1,0,1
fukudko01,2009,1,CHN,NL,146,499,79,129,38,5,11,54,6,10,93,112,3,3,3,5,15
fuldsa01,2009,1,CHN,NL,65,97,17,29,6,1,1,2,2,1,17,10,1,1,0,0,1
gathrjo01,2009,1,CHN,NL,20,14,2,3,0,0,0,0,1,2,1,6,0,0,0,0,0
gorzeto01,2009,2,CHN,NL,13,12,0,2,0,0,0,2,0,0,1,4,0,0,1,0,0
grabojo02,2009,2,CHN,NL,30,0,0,0,0,0,0,0,0,0,0,0,0,0,0,0,0
greggke01,2009,1,CHN,NL,72,0,0,0,0,0,0,0,0,0,0,0,0,0,0,0,0
guzmaan01,2009,1,CHN,NL,55,3,0,0,0,0,0,0,0,0,0,1,0,0,0,0,0
harderi01,2009,1,CHN,NL,27,43,3,8,1,0,0,0,0,0,1,15,0,0,4,0,0
hartke01,2009,1,CHN,NL,8,9,2,2,0,0,0,1,0,0,0,3,0,0,0,0,0
heilmaa01,2009,1,CHN,NL,70,1,0,0,0,0,0,0,0,0,0,0,0,0,0,0,0
hillko01,2009,1,CHN,NL,83,253,26,60,12,2,2,24,0,0,27,78,6,1,2,1,9
hoffpmi01,2009,1,CHN,NL,105,234,28,56,12,1,10,35,1,0,20,46,1,1,0,2,3
johnsre02,2009,1,CHN,NL,65,165,23,42,10,2,4,22,2,1,13,27,0,6,1,1,5
leede02,2009,1,CHN,NL,141,532,91,163,36,2,35,111,1,0,76,109,6,3,0,4,12
lillyte01,2009,1,CHN,NL,27,57,2,5,1,1,0,2,0,1,2,27,0,0,5,0,0
marmoca01,2009,1,CHN,NL,79,0,0,0,0,0,0,0,0,0,0,0,0,0,0,0,0
marshse01,2009,1,CHN,NL,55,13,2,3,0,0,0,2,0,0,1,5,0,0,1,0,0
milesaa01,2009,1,CHN,NL,74,157,17,29,7,1,0,5,3,0,8,21,1,0,5,0,4
pattoda01,2009,1,CHN,NL,20,0,0,0,0,0,0,0,0,0,0,0,0,0,0,0,0
ramirar01,2009,1,CHN,NL,82,306,46,97,14,1,15,65,2,1,28,43,3,8,0,0,8
samarje01,2009,1,CHN,NL,20,5,1,1,0,0,1,1,0,0,0,1,0,0,1,0,0
scalebo01,2009,1,CHN,NL,51,124,15,30,8,2,3,15,0,0,11,32,1,2,0,1,5
soriaal01,2009,1,CHN,NL,117,477,64,115,25,1,20,55,9,2,40,118,6,3,0,2,7
sotoge01,2009,1,CHN,NL,102,331,27,72,19,1,11,47,1,0,50,77,3,3,0,5,19
steveje01,2009,1,CHN,NL,11,0,0,0,0,0,0,0,0,0,0,0,0,0,0,0,0
tagucso01,2009,1,CHN,NL,6,11,1,3,1,0,0,0,0,0,1,4,0,0,0,0,0
theriry01,2009,1,CHN,NL,154,602,81,171,20,5,7,54,21,10,51,93,1,6,13,5,13
vizcalu01,2009,1,CHN,NL,4,0,0,0,0,0,0,0,0,0,0,0,0,0,0,0,0
waddeja01,2009,1,CHN,NL,3,0,0,0,0,0,0,0,0,0,0,0,0,0,0,0,0
wellsra01,2009,1,CHN,NL,27,47,5,9,3,0,0,2,0,0,2,7,0,0,12,0,1
zambrca01,2009,1,CHN,NL,35,69,7,15,5,0,4,11,0,0,1,28,0,0,1,1,0
atkinmi01,2010,1,CHN,NL,5,2,0,0,0,0,0,0,0,0,0,1,0,0,0,0,0
bakerje03,2010,1,CHN,NL,79,206,29,56,13,2,4,21,1,0,16,50,0,1,0,1,6
barneda01,2010,1,CHN,NL,30,79,12,19,4,0,0,2,0,0,6,12,0,0,0,0,0
bergju01,2010,1,CHN,NL,41,0,0,0,0,0,0,0,0,0,0,0,0,0,0,0,0
byrdma01,2010,1,CHN,NL,152,580,84,170,39,2,12,66,5,1,31,98,1,17,0,2,12
carides01,2010,1,CHN,NL,8,0,0,0,0,0,0,0,0,0,0,0,0,0,0,0,0
cashnan01,2010,1,CHN,NL,53,2,0,0,0,0,0,0,0,0,0,2,0,0,1,0,0
castiwe01,2010,1,CHN,NL,7,20,3,6,4,0,1,5,0,0,1,7,0,0,0,0,0
castrst01,2010,1,CHN,NL,125,463,53,139,31,5,3,41,10,8,29,71,7,6,4,4,14
colemca01,2010,1,CHN,NL,12,20,2,2,1,0,0,2,0,0,1,11,0,0,2,0,0
colvity01,2010,1,CHN,NL,135,358,60,91,18,5,20,56,6,1,30,100,2,3,1,2,6
dempsry01,2010,1,CHN,NL,35,59,3,8,1,0,0,2,0,0,0,19,0,0,16,0,0
dewitbl01,2010,2,CHN,NL,53,184,18,46,9,1,4,22,1,0,17,37,4,1,0,2,1
diamoth01,2010,1,CHN,NL,16,7,1,0,0,0,0,0,0,0,1,6,0,0,0,0,0
fontemi01,2010,1,CHN,NL,75,169,14,48,11,3,1,20,1,2,10,28,0,3,1,2,3
fukudko01,2010,1,CHN,NL,130,358,45,94,20,2,13,44,7,8,64,67,1,0,3,4,5
fuldsa01,2010,1,CHN,NL,19,28,3,4,1,0,0,3,0,0,3,5,0,0,0,0,2
gorzeto01,2010,1,CHN,NL,29,40,1,5,0,0,0,2,0,0,0,18,0,0,5,0,0
grabojo02,2010,1,CHN,NL,28,0,0,0,0,0,0,0,0,0,0,0,0,0,0,0,0
grayje02,2010,1,CHN,NL,7,0,0,0,0,0,0,0,0,0,0,0,0,0,0,0,0
hillko01,2010,1,CHN,NL,77,215,18,46,13,1,1,17,1,0,12,61,3,0,3,1,5
hoffpmi01,2010,1,CHN,NL,24,52,5,9,3,0,0,5,0,0,5,15,0,0,0,0,3
howrybo01,2010,2,CHN,NL,24,0,0,0,0,0,0,0,0,0,0,0,0,0,0,0,0
leede02,2010,1,CHN,NL,109,418,63,105,21,0,16,56,1,3,52,101,1,2,0,3,16
lillyte01,2010,1,CHN,NL,18,31,1,1,0,0,0,1,0,0,2,17,0,1,2,0,0
mainesc01,2010,1,CHN,NL,13,0,0,0,0,0,0,0,0,0,0,0,0,0,0,0,0
marmoca01,2010,1,CHN,NL,77,0,0,0,0,0,0,0,0,0,0,0,0,0,0,0,0
marshse01,2010,1,CHN,NL,80,4,0,0,0,0,0,0,0,0,0,4,0,0,0,0,0
mateoma01,2010,1,CHN,NL,21,2,0,0,0,0,0,0,0,0,0,1,0,0,0,0,0
nadyxa01,2010,1,CHN,NL,119,317,33,81,13,0,6,33,0,0,17,85,0,8,1,4,12
ramirar01,2010,1,CHN,NL,124,465,61,112,21,1,25,83,0,0,34,90,3,3,0,5,10
russeja02,2010,1,CHN,NL,57,4,0,0,0,0,0,0,0,0,0,2,0,0,0,0,0
samarje01,2010,1,CHN,NL,7,4,0,1,0,0,0,1,0,0,2,2,0,0,1,0,0
scalebo01,2010,1,CHN,NL,10,13,4,4,0,0,0,2,1,0,7,5,0,0,0,0,0
schlibr01,2010,1,CHN,NL,7,0,0,0,0,0,0,0,0,0,0,0,0,0,0,0,0
silvaca01,2010,1,CHN,NL,21,31,0,2,1,0,0,2,0,0,3,12,0,0,6,0,1
snydebr02,2010,1,CHN,NL,12,27,1,5,1,0,0,5,0,0,1,12,0,0,0,0,0
soriaal01,2010,1,CHN,NL,147,496,67,128,40,3,24,79,5,1,45,123,3,3,1,3,12
sotoge01,2010,1,CHN,NL,105,322,47,90,19,0,17,53,0,1,62,83,4,0,0,3,5
steveje01,2010,1,CHN,NL,18,0,0,0,0,0,0,0,0,0,0,0,0,0,0,0,0
theriry01,2010,1,CHN,NL,96,388,45,110,10,2,1,21,16,6,19,46,3,2,2,1,8
tracych01,2010,1,CHN,NL,28,44,6,11,2,0,0,5,0,0,5,15,0,0,0,0,0
wellsra01,2010,1,CHN,NL,32,52,1,9,2,0,0,3,0,0,2,15,0,0,9,0,3
zambrca01,2010,1,CHN,NL,42,52,5,12,0,0,1,6,0,0,2,15,0,0,2,1,0
bakerje03,2011,1,CHN,NL,81,201,20,54,12,1,3,23,0,0,10,46,0,0,0,1,8
barneda01,2011,1,CHN,NL,143,529,66,146,23,6,2,43,9,2,22,67,2,8,7,4,14
bergju01,2011,1,CHN,NL,8,2,0,0,0,0,0,0,0,0,0,1,0,0,0,0,0
byrdma01,2011,1,CHN,NL,119,446,51,123,22,2,9,35,3,2,25,78,2,8,1,2,13
campato01,2011,1,CHN,NL,95,143,24,37,3,0,1,6,24,2,8,30,1,1,3,0,1
carpech02,2011,1,CHN,NL,10,0,0,0,0,0,0,0,0,0,0,0,0,0,0,0,0
cashnan01,2011,1,CHN,NL,7,1,0,0,0,0,0,0,0,0,0,1,0,0,1,0,0
castiwe01,2011,1,CHN,NL,4,13,0,2,0,0,0,0,0,0,0,4,0,0,0,0,1
castrst01,2011,1,CHN,NL,158,674,91,207,36,9,10,66,22,9,35,96,2,2,0,4,20
clevest01,2011,1,CHN,NL,2,4,1,1,1,0,0,0,0,0,0,0,0,1,0,0,0
colemca01,2011,1,CHN,NL,21,25,1,4,1,1,0,0,0,0,0,6,0,0,4,0,0
colvity01,2011,1,CHN,NL,80,206,17,31,8,3,6,20,0,0,14,58,3,0,1,1,2
davisdo02,2011,1,CHN,NL,9,10,0,0,0,0,0,0,0,0,0,4,0,0,3,0,0
dempsry01,2011,1,CHN,NL,35,58,1,5,0,0,0,0,0,0,1,19,0,0,10,0,0
dewitbl01,2011,1,CHN,NL,121,230,21,61,11,4,5,26,1,0,12,31,1,1,0,0,6
dolisra01,2011,1,CHN,NL,1,0,0,0,0,0,0,0,0,0,0,0,0,0,0,0,0
fukudko01,2011,1,CHN,NL,87,293,33,80,15,2,3,13,2,2,46,57,1,1,5,0,2
garzama01,2011,1,CHN,NL,31,64,2,6,0,0,0,1,0,0,1,42,0,1,5,0,1
gaubjo01,2011,1,CHN,NL,4,0,0,0,0,0,0,0,0,0,0,0,0,0,0,0,0
grabojo02,2011,1,CHN,NL,58,0,0,0,0,0,0,0,0,0,0,0,0,0,0,0,0
hillko01,2011,1,CHN,NL,46,134,15,26,3,1,2,9,1,0,14,40,3,0,4,1,3
johnsre02,2011,1,CHN,NL,111,246,33,76,22,1,5,28,2,1,5,63,1,11,2,2,4
lahaibr01,2011,1,CHN,NL,20,59,9,17,5,1,2,6,0,0,9,18,0,0,0,1,1
lemahdj01,2011,1,CHN,NL,37,60,3,15,2,0,0,4,0,0,1,12,0,0,1,0,2
lopezro01,2011,1,CHN,NL,26,30,1,2,0,0,0,0,0,0,1,11,0,0,2,0,0
mainesc01,2011,1,CHN,NL,7,0,0,0,0,0,0,0,0,0,0,0,0,0,0,0,0
marmoca01,2011,1,CHN,NL,75,0,0,0,0,0,0,0,0,0,0,0,0,0,0,0,0
marshse01,2011,1,CHN,NL,78,0,0,0,0,0,0,0,0,0,0,0,0,0,0,0,0
mateoma01,2011,1,CHN,NL,23,1,0,0,0,0,0,0,0,0,0,0,0,0,1,0,0
montalu01,2011,1,CHN,NL,36,54,6,12,4,0,1,9,0,1,2,9,0,1,0,0,0
ortizra01,2011,1,CHN,NL,22,2,0,0,0,0,0,0,0,0,0,2,0,0,1,0,0
penaca01,2011,1,CHN,NL,153,493,72,111,27,3,28,80,2,2,101,161,7,4,1,7,6
ramirar01,2011,1,CHN,NL,149,565,80,173,35,1,26,93,1,1,43,69,5,10,0,8,12
russeja02,2011,1,CHN,NL,64,8,0,1,0,0,0,0,0,0,0,3,0,0,0,0,0
samarje01,2011,1,CHN,NL,75,4,0,0,0,0,0,0,0,0,0,3,0,0,0,0,0
snydebr02,2011,1,CHN,NL,8,9,1,1,0,0,0,0,0,0,0,6,0,0,0,0,0
soriaal01,2011,1,CHN,NL,137,475,50,116,27,1,26,88,2,1,27,113,4,4,0,2,15
sotoge01,2011,1,CHN,NL,125,421,46,96,26,0,17,54,0,0,45,124,3,6,0,2,12
steveje01,2011,1,CHN,NL,4,2,0,0,0,0,0,0,0,0,0,1,0,0,0,0,0
wellsra01,2011,1,CHN,NL,23,43,2,6,0,0,0,1,0,0,1,13,0,0,6,0,0
woodke02,2011,1,CHN,NL,55,0,0,0,0,0,0,0,0,0,0,0,0,0,0,0,0
zambrca01,2011,1,CHN,NL,25,44,8,14,2,0,2,5,0,0,2,14,0,0,2,0,0
bakerje03,2012,1,CHN,NL,54,134,16,36,10,1,4,20,4,1,8,28,0,0,0,2,4
barneda01,2012,1,CHN,NL,156,548,73,139,26,4,7,44,6,1,33,58,1,3,3,1,11
belivje01,2012,1,CHN,NL,22,0,0,0,0,0,0,0,0,0,0,0,0,0,0,0,0
berkeja01,2012,2,CHN,NL,4,5,0,0,0,0,0,0,0,0,0,1,0,0,0,0,0
bowdemi01,2012,2,CHN,NL,30,2,0,0,0,0,0,0,0,0,0,2,0,0,0,0,0
byrdma01,2012,1,CHN,NL,13,43,1,3,0,0,0,2,0,1,3,10,1,1,0,0,2
cabreal03,2012,1,CHN,NL,25,0,0,0,0,0,0,0,0,0,0,0,0,0,0,0,0
campato01,2012,1,CHN,NL,89,174,26,46,6,0,0,5,30,3,11,43,0,0,7,0,0
campsh01,2012,1,CHN,NL,80,0,0,0,0,0,0,0,0,0,0,0,0,0,0,0,0
cardead01,2012,1,CHN,NL,45,60,5,11,6,0,0,2,0,0,7,13,1,0,0,0,0
castile01,2012,1,CHN,NL,13,0,0,0,0,0,0,0,0,0,0,0,0,0,0,0,0
castiwe01,2012,1,CHN,NL,52,170,16,45,11,0,5,22,0,0,17,51,2,2,0,1,4
castrst01,2012,1,CHN,NL,162,646,78,183,29,12,14,78,25,13,36,100,5,4,0,5,15
chapmja02,2012,1,CHN,NL,14,0,0,0,0,0,0,0,0,0,0,0,0,0,0,0,0
clevest01,2012,1,CHN,NL,69,199,16,40,12,0,1,16,0,1,16,39,0,0,0,0,10
colemca01,2012,1,CHN,NL,17,3,0,1,0,0,0,0,0,0,0,1,0,0,0,0,0
corpama01,2012,1,CHN,NL,48,1,0,0,0,0,0,0,0,0,0,1,0,0,0,0,0
dejesda01,2012,1,CHN,NL,148,506,76,133,28,8,9,50,7,8,61,89,1,9,2,4,9
dempsry01,2012,1,CHN,NL,16,32,1,3,0,1,0,1,0,0,0,9,0,0,1,0,0
dewitbl01,2012,1,CHN,NL,18,29,1,4,1,0,0,1,0,0,0,2,0,0,0,1,1
dolisra01,2012,1,CHN,NL,34,0,0,0,0,0,0,0,0,0,0,0,0,0,0,0,0
garzama01,2012,1,CHN,NL,18,30,0,2,1,0,0,0,0,0,0,23,0,0,4,0,0
germaju01,2012,2,CHN,NL,13,17,1,1,0,0,0,0,0,0,1,10,0,0,6,0,0
hillko01,2012,1,CHN,NL,11,39,3,7,1,0,0,1,0,0,0,7,0,0,0,0,0
hinshal01,2012,2,CHN,NL,2,0,0,0,0,0,0,0,0,0,0,0,0,0,0,0,0
jacksbr01,2012,1,CHN,NL,44,120,14,21,6,1,4,9,0,3,22,59,0,0,0,0,1
johnsre02,2012,1,CHN,NL,76,169,23,51,9,3,3,16,2,1,10,43,1,4,0,0,3
lahaibr01,2012,1,CHN,NL,130,340,42,88,17,0,16,40,4,2,39,124,3,0,0,1,8
lallibl01,2012,1,CHN,NL,6,15,1,2,0,0,0,2,0,0,1,3,0,0,0,0,0
lopezro01,2012,1,CHN,NL,4,0,0,0,0,0,0,0,0,0,0,0,0,0,0,0,0
maholpa01,2012,1,CHN,NL,21,39,1,3,0,0,1,3,0,0,2,22,0,0,2,0,1
mainesc01,2012,1,CHN,NL,21,2,0,0,0,0,0,0,0,0,0,1,0,0,0,0,0
marmoca01,2012,1,CHN,NL,61,0,0,0,0,0,0,0,0,0,0,0,0,0,0,0,0
mathejo02,2012,1,CHN,NL,103,225,18,47,11,0,5,19,5,2,14,46,1,1,1,2,4
parkebl01,2012,1,CHN,NL,7,0,0,0,0,0,0,0,0,0,0,0,0,0,0,0,0
raleybr01,2012,1,CHN,NL,5,10,0,2,0,0,0,0,0,0,0,1,0,0,0,0,0
reckean01,2012,2,CHN,NL,9,18,1,3,1,0,1,4,0,0,2,2,0,1,0,0,1
rizzoan01,2012,1,CHN,NL,87,337,44,96,15,0,15,48,3,2,27,62,1,3,0,1,7
rusinch01,2012,1,CHN,NL,7,12,0,2,0,1,0,0,0,0,0,5,0,0,0,0,0
russeja02,2012,1,CHN,NL,77,1,0,0,0,0,0,0,0,0,0,0,0,0,0,0,0
samarje01,2012,1,CHN,NL,31,50,0,5,0,0,0,3,0,0,3,16,0,1,7,0,1
sappeda01,2012,1,CHN,NL,26,69,8,19,6,0,2,8,0,0,7,9,1,1,1,0,1
socolmi01,2012,2,CHN,NL,6,0,0,0,0,0,0,0,0,0,0,0,0,0,0,0,0
soriaal01,2012,1,CHN,NL,151,561,68,147,33,2,32,108,6,2,44,153,5,7,0,3,18
sotoge01,2012,1,CHN,NL,52,176,26,35,6,1,6,14,0,0,19,35,1,2,0,0,6
stewaia01,2012,1,CHN,NL,55,179,16,36,5,2,5,17,0,3,21,46,4,2,0,0,5
valbulu01,2012,1,CHN,NL,90,265,26,58,20,0,4,28,0,2,36,55,1,0,0,2,6
valdelu01,2012,2,CHN,NL,12,0,0,0,0,0,0,0,0,0,0,0,0,0,0,0,0
vittejo01,2012,1,CHN,NL,36,99,7,12,2,0,2,5,2,0,7,33,0,2,0,1,6
volstch01,2012,1,CHN,NL,21,28,0,5,0,0,0,0,0,0,0,10,0,0,6,0,0
wellsra01,2012,1,CHN,NL,12,4,0,1,0,0,0,0,0,0,0,2,0,0,0,0,0
woodke02,2012,1,CHN,NL,10,1,0,0,0,0,0,0,0,0,0,1,0,0,0,0,0
woodtr01,2012,1,CHN,NL,28,53,5,10,3,0,1,4,0,0,0,20,0,0,2,0,1
arrieja01,2013,2,CHN,NL,9,15,0,2,0,0,0,2,0,0,0,10,0,0,4,0,0
bakersc02,2013,1,CHN,NL,3,3,0,0,0,0,0,0,0,0,0,2,0,0,1,0,0
barneda01,2013,1,CHN,NL,141,501,49,104,25,1,7,41,4,2,36,64,5,6,4,6,22
bogusbr01,2013,1,CHN,NL,47,143,18,39,7,1,6,16,2,0,10,35,1,1,0,1,4
borboju01,2013,2,CHN,NL,72,104,10,21,3,1,1,3,7,1,12,22,0,0,1,0,0
boscajc01,2013,1,CHN,NL,6,9,1,2,1,0,0,0,0,0,0,2,0,1,0,0,0
bowdemi01,2013,1,CHN,NL,34,0,0,0,0,0,0,0,0,0,0,0,0,0,0,0,0
burneal01,2013,2,CHN,NL,1,0,0,0,0,0,0,0,0,0,0,0,0,0,0,0,0
cabreal03,2013,1,CHN,NL,7,0,0,0,0,0,0,0,0,0,0,0,0,0,0,0,0
campsh01,2013,1,CHN,NL,26,0,0,0,0,0,0,0,0,0,0,0,0,0,0,0,0
castiwe01,2013,1,CHN,NL,113,380,41,104,23,0,8,32,2,0,34,97,3,11,1,2,13
castrst01,2013,1,CHN,NL,161,666,59,163,34,2,10,44,9,6,30,129,0,7,1,1,21
clevest01,2013,1,CHN,NL,8,8,1,1,0,0,0,0,0,0,1,3,0,0,0,0,0
dejesda01,2013,1,CHN,NL,84,284,39,71,19,3,6,27,3,0,29,55,0,5,0,0,3
dolisra01,2013,1,CHN,NL,5,0,0,0,0,0,0,0,0,0,0,0,0,0,0,0,0
feldmsc01,2013,1,CHN,NL,15,34,2,6,2,0,1,8,0,0,0,12,0,0,1,0,0
fujikky01,2013,1,CHN,NL,12,0,0,0,0,0,0,0,0,0,0,0,0,0,0,0,0
garzama01,2013,1,CHN,NL,11,18,1,4,1,0,0,2,0,0,0,9,0,1,1,0,0
gilleco01,2013,2,CHN,NL,25,50,6,12,2,0,0,4,0,0,6,13,0,1,1,1,2
gonzaal03,2013,1,CHN,NL,11,23,3,5,1,0,1,2,0,0,2,6,1,0,0,1,1
greggke01,2013,1,CHN,NL,62,0,0,0,0,0,0,0,0,0,0,0,0,0,0,0,0
grimmju01,2013,2,CHN,NL,10,0,0,0,0,0,0,0,0,0,0,0,0,0,0,0,0
guerrma02,2013,2,CHN,NL,15,0,0,0,0,0,0,0,0,0,0,0,0,0,0,0,0
hairssc01,2013,1,CHN,NL,52,99,13,17,2,0,8,19,2,0,7,25,0,2,0,4,3
jacksed01,2013,1,CHN,NL,31,52,4,4,1,0,1,4,0,0,2,17,0,0,5,0,0
lakeju01,2013,1,CHN,NL,64,236,26,67,16,0,6,16,4,4,13,68,0,4,1,0,2
lillibr01,2013,1,CHN,NL,9,24,0,1,0,0,0,2,0,0,0,9,0,0,0,0,1
limch01,2013,1,CHN,NL,6,0,0,0,0,0,0,0,0,0,0,0,0,0,0,0,0
loeka01,2013,2,CHN,NL,7,0,0,0,0,0,0,0,0,0,0,0,0,0,0,0,0
marmoca01,2013,1,CHN,NL,31,0,0,0,0,0,0,0,0,0,0,0,0,0,0,0,0
mcdonda02,2013,1,CHN,NL,25,53,4,16,4,0,1,5,0,0,4,8,0,0,0,0,4
murphdo01,2013,1,CHN,NL,46,149,23,38,8,0,11,23,2,0,8,48,1,6,0,0,1
navardi01,2013,1,CHN,NL,89,240,31,72,7,0,13,34,0,1,23,36,1,2,0,1,4
nealth01,2013,2,CHN,NL,2,4,0,0,0,0,0,0,0,0,0,0,0,0,0,0,0
parkebl01,2013,1,CHN,NL,49,0,0,0,0,0,0,0,0,0,0,0,0,0,0,0,0
putnaza01,2013,1,CHN,NL,5,0,0,0,0,0,0,0,0,0,0,0,0,0,0,0,0
raleybr01,2013,1,CHN,NL,9,3,0,0,0,0,0,0,0,0,0,1,0,0,1,0,0
ransoco01,2013,2,CHN,NL,57,158,21,32,10,1,9,20,0,0,22,57,0,1,1,0,4
rizzoan01,2013,1,CHN,NL,160,606,71,141,40,2,23,80,6,5,76,127,7,6,0,2,12
rodrihe03,2013,2,CHN,NL,5,0,0,0,0,0,0,0,0,0,0,0,0,0,0,0,0
rondohe01,2013,1,CHN,NL,45,0,0,0,0,0,0,0,0,0,0,0,0,0,0,0,0
rosscza01,2013,1,CHN,NL,10,0,0,0,0,0,0,0,0,0,0,0,0,0,0,0,0
rusinch01,2013,1,CHN,NL,13,19,1,2,0,0,0,2,0,0,0,3,0,0,2,0,0
russeja02,2013,1,CHN,NL,74,0,0,0,0,0,0,0,0,0,0,0,0,0,0,0,0
samarje01,2013,1,CHN,NL,33,62,4,7,2,0,1,2,0,0,1,31,0,0,10,0,0
sanched01,2013,1,CHN,NL,4,0,0,0,0,0,0,0,0,0,0,0,0,0,0,0,0
sappeda01,2013,1,CHN,NL,31,75,6,18,3,0,0,4,3,1,3,14,0,0,0,0,1
schiena01,2013,1,CHN,NL,137,462,56,116,32,3,21,68,6,3,29,94,3,6,1,5,6
soriaal01,2013,1,CHN,NL,93,362,47,92,24,1,17,51,10,5,15,89,2,3,0,3,9
stroppe01,2013,2,CHN,NL,37,0,0,0,0,0,0,0,0,0,0,0,0,0,0,0,0
sweenry01,2013,1,CHN,NL,70,192,19,51,13,2,6,19,1,0,17,31,0,0,2,1,3
takahhi01,2013,1,CHN,NL,3,0,0,0,0,0,0,0,0,0,0,0,0,0,0,0,0
valbulu01,2013,1,CHN,NL,108,331,34,72,15,1,12,37,1,4,53,63,4,4,1,2,4
villaca01,2013,1,CHN,NL,47,32,2,5,0,0,0,1,0,0,0,15,0,0,2,0,0
watkilo01,2013,1,CHN,NL,27,38,2,8,1,0,0,0,0,0,3,14,0,0,1,0,0
woodtr01,2013,1,CHN,NL,37,63,8,14,1,0,3,8,1,0,3,21,0,0,1,0,0
alcanar01,2014,1,CHN,NL,70,278,31,57,11,2,10,29,8,5,17,93,0,2,1,2,3
arrieja01,2014,1,CHN,NL,26,39,3,7,2,1,0,3,0,0,2,16,0,0,6,0,1
baezja01,2014,1,CHN,NL,52,213,25,36,6,0,9,20,5,1,15,95,0,1,0,0,5
bakerjo01,2014,1,CHN,NL,68,182,9,35,7,0,0,15,0,0,19,58,3,2,3,2,3
barneda01,2014,1,CHN,NL,72,204,18,47,10,2,2,16,1,0,9,31,2,1,2,1,1
beeleda01,2014,1,CHN,NL,2,4,0,1,0,0,0,0,0,0,0,2,0,0,0,0,0
bonifem01,2014,1,CHN,NL,69,276,35,77,14,3,2,18,14,6,16,49,2,0,6,0,1
castiwe01,2014,1,CHN,NL,110,380,28,90,19,0,13,46,0,0,26,102,0,7,2,2,7
castrst01,2014,1,CHN,NL,134,528,58,154,33,1,14,65,4,4,35,100,4,4,0,2,18
coghlch01,2014,1,CHN,NL,125,385,50,109,28,5,9,41,7,4,39,81,2,3,3,2,5
doubrfe01,2014,2,CHN,NL,4,7,0,1,0,0,0,0,0,0,1,5,0,0,0,0,0
fujikky01,2014,1,CHN,NL,15,0,0,0,0,0,0,0,0,0,0,0,0,0,0,0,0
grimmju01,2014,1,CHN,NL,73,2,0,0,0,0,0,0,0,0,0,2,0,0,0,0,0
hammeja01,2014,1,CHN,NL,17,35,2,5,0,0,0,3,0,0,1,14,0,0,3,0,1
hendrky01,2014,1,CHN,NL,14,24,1,3,0,0,0,1,0,0,3,11,0,0,3,0,0
jacksed01,2014,1,CHN,NL,29,40,2,7,2,0,0,0,0,0,0,21,0,0,4,0,0
jokiser01,2014,1,CHN,NL,4,3,0,0,0,0,0,0,0,0,0,1,0,0,2,0,0
kalisry01,2014,1,CHN,NL,57,121,13,30,4,4,0,5,3,2,8,28,1,0,1,0,3
lakeju01,2014,1,CHN,NL,108,308,30,65,10,3,9,25,7,3,14,110,0,1,1,2,3
lopezra02,2014,1,CHN,NL,7,11,0,2,0,0,0,1,0,0,2,4,0,0,0,1,0
oltmi01,2014,1,CHN,NL,89,225,23,36,8,0,12,33,0,1,25,100,0,3,0,5,3
parkebl01,2014,1,CHN,NL,18,0,0,0,0,0,0,0,0,0,0,0,0,0,0,0,0
ramirne01,2014,1,CHN,NL,50,0,0,0,0,0,0,0,0,0,0,0,0,0,0,0,0
rizzoan01,2014,1,CHN,NL,140,524,89,150,28,1,32,78,5,4,73,116,7,15,0,4,8
rondohe01,2014,1,CHN,NL,64,0,0,0,0,0,0,0,0,0,0,0,0,0,0,0,0
rosscza01,2014,1,CHN,NL,18,0,0,0,0,0,0,0,0,0,0,0,0,0,0,0,0
ruggiju01,2014,1,CHN,NL,81,224,29,63,13,1,6,28,2,4,18,70,0,3,1,4,2
rusinch01,2014,1,CHN,NL,4,3,0,0,0,0,0,0,0,0,0,1,0,0,0,0,0
russeja02,2014,1,CHN,NL,44,0,0,0,0,0,0,0,0,0,0,0,0,0,0,0,0
samarje01,2014,1,CHN,NL,17,34,3,6,3,0,0,3,0,0,0,10,0,0,2,2,1
schiena01,2014,1,CHN,NL,99,313,29,60,10,3,6,33,4,4,18,76,0,4,0,6,6
schlibr01,2014,1,CHN,NL,61,1,0,1,0,0,0,0,0,0,0,0,0,0,0,0,0
solerjo01,2014,1,CHN,NL,24,89,11,26,8,1,5,20,1,0,6,24,0,0,0,2,3
straida01,2014,2,CHN,NL,7,1,0,0,0,0,0,0,0,0,1,1,0,0,0,0,0
stroppe01,2014,1,CHN,NL,65,0,0,0,0,0,0,0,0,0,0,0,0,0,0,0,0
sweenry01,2014,1,CHN,NL,77,207,22,52,9,0,3,20,0,0,15,33,2,1,2,1,4
szczuma01,2014,1,CHN,NL,33,62,6,14,2,0,2,5,0,0,4,11,0,0,0,0,1
turneja01,2014,2,CHN,NL,8,10,0,1,0,0,0,0,0,0,0,7,0,0,0,0,0
valaich01,2014,1,CHN,NL,44,121,10,28,4,0,3,13,1,0,7,35,1,2,0,1,5
valbulu01,2014,1,CHN,NL,149,478,68,119,33,4,16,51,1,2,65,113,4,2,1,1,8
verasjo01,2014,1,CHN,NL,12,0,0,0,0,0,0,0,0,0,0,0,0,0,0,0,0
villaca01,2014,1,CHN,NL,42,10,0,0,0,0,0,0,0,0,0,6,0,0,3,0,1
vizcaar01,2014,1,CHN,NL,5,0,0,0,0,0,0,0,0,0,0,0,0,0,0,0,0
wadats01,2014,1,CHN,NL,13,20,0,1,0,0,0,0,0,0,1,10,0,0,3,0,0
watkilo01,2014,1,CHN,NL,31,65,10,16,3,0,1,6,1,0,1,16,1,1,1,0,0
whiteel03,2014,1,CHN,NL,8,25,0,3,1,0,0,2,1,0,0,8,0,0,0,1,0
woodtr01,2014,1,CHN,NL,41,56,9,13,2,0,3,10,0,0,1,17,0,2,7,0,1
wrighwe01,2014,1,CHN,NL,58,0,0,0,0,0,0,0,0,0,0,0,0,0,0,0,0
alcanar01,2015,1,CHN,NL,11,26,5,2,0,0,0,1,1,0,5,11,0,0,1,0,0
arrieja01,2015,1,CHN,NL,33,79,5,12,1,1,2,2,0,0,1,45,0,0,3,0,1
baezja01,2015,1,CHN,NL,28,76,4,22,6,0,1,4,1,2,4,24,1,0,0,0,0
baxtemi01,2015,1,CHN,NL,34,57,6,14,1,0,0,2,0,0,7,14,1,2,0,0,3
beeleda01,2015,1,CHN,NL,3,3,0,1,1,0,0,0,0,0,0,1,0,0,0,0,0
berryqu01,2015,1,CHN,NL,8,1,1,0,0,0,0,0,2,1,0,1,0,0,0,0,0
bryankr01,2015,1,CHN,NL,151,559,87,154,31,5,26,99,13,4,77,199,0,9,0,5,7
cahiltr01,2015,2,CHN,NL,11,2,0,0,0,0,0,0,0,0,1,0,0,0,0,0,0
castiwe01,2015,1,CHN,NL,24,43,5,7,2,0,2,5,0,0,3,12,1,1,0,0,0
castrst01,2015,1,CHN,NL,151,547,52,145,23,2,11,69,5,5,21,91,6,5,1,4,18
coghlch01,2015,1,CHN,NL,148,440,64,110,25,6,16,41,11,2,58,94,6,3,1,1,8
cokeph01,2015,1,CHN,NL,16,0,0,0,0,0,0,0,0,0,0,0,0,0,0,0,0
denorch01,2015,1,CHN,NL,103,212,18,57,11,1,3,18,0,1,15,56,1,1,2,1,7
edwarca01,2015,1,CHN,NL,5,1,0,0,0,0,0,0,0,0,0,1,0,0,0,0,0
fowlede01,2015,1,CHN,NL,156,596,102,149,29,8,17,46,20,7,84,154,1,5,2,3,4
germego01,2015,1,CHN,NL,6,0,0,0,0,0,0,0,0,0,0,0,0,0,0,0,0
grimmju01,2015,1,CHN,NL,62,1,0,0,0,0,0,0,0,0,0,1,0,0,0,0,0
hammeja01,2015,1,CHN,NL,32,65,6,11,1,0,0,4,0,0,1,18,0,0,3,1,1
harenda01,2015,2,CHN,NL,11,17,1,1,0,0,0,1,0,0,3,4,0,0,2,1,1
hendrky01,2015,1,CHN,NL,32,60,2,3,1,0,0,1,0,0,1,24,0,0,3,0,2
herrejo03,2015,1,CHN,NL,73,126,14,29,5,1,2,14,3,0,2,23,1,0,4,0,3
hunteto02,2015,2,CHN,NL,19,0,0,0,0,0,0,0,0,0,0,0,0,0,0,0,0
jacksau01,2015,2,CHN,NL,29,72,10,17,7,0,1,10,2,1,5,19,0,2,0,0,1
jacksed01,2015,1,CHN,NL,23,0,0,0,0,0,0,0,0,0,0,0,0,0,0,0,0
lakeju01,2015,1,CHN,NL,21,58,2,13,4,0,1,5,4,0,4,20,0,0,0,0,1
lasteto01,2015,1,CHN,NL,33,67,4,18,6,0,1,11,2,0,5,7,0,1,0,1,1
lestejo01,2015,1,CHN,NL,32,62,6,4,0,0,0,0,0,0,3,30,0,0,6,0,1
medinyo01,2015,2,CHN,NL,5,0,0,0,0,0,0,0,0,0,0,0,0,0,0,0,0
montemi01,2015,1,CHN,NL,113,347,36,86,11,0,15,53,1,1,49,103,5,4,0,3,9
motteja01,2015,1,CHN,NL,57,0,0,0,0,0,0,0,0,0,0,0,0,0,0,0,0
oltmi01,2015,1,CHN,NL,6,15,1,2,0,0,1,1,0,0,0,6,0,1,0,0,0
ramirne01,2015,1,CHN,NL,19,0,0,0,0,0,0,0,0,0,0,0,0,0,0,0,0
richacl01,2015,1,CHN,NL,23,14,1,2,2,0,0,3,0,0,1,6,0,0,0,0,0
rizzoan01,2015,1,CHN,NL,160,586,94,163,38,3,31,101,17,6,78,105,9,30,0,7,9
roachdo01,2015,1,CHN,NL,1,1,0,1,0,0,0,1,0,0,0,0,0,0,0,0,0
rodnefe01,2015,2,CHN,NL,14,0,0,0,0,0,0,0,0,0,0,0,0,0,0,0,0
rondohe01,2015,1,CHN,NL,72,0,0,0,0,0,0,0,0,0,0,0,0,0,0,0,0
rosscza01,2015,1,CHN,NL,33,0,0,0,0,0,0,0,0,0,0,0,0,0,0,0,0
rossda01,2015,1,CHN,NL,72,159,6,28,9,0,1,9,1,0,20,61,7,0,2,1,1
russead02,2015,1,CHN,NL,142,475,60,115,29,1,13,54,4,3,42,149,2,3,1,2,8
russeja02,2015,1,CHN,NL,49,1,0,0,0,0,0,0,0,0,0,1,0,0,0,0,0
schlibr01,2015,1,CHN,NL,10,0,0,0,0,0,0,0,0,0,0,0,0,0,0,0,0
schwaky01,2015,1,CHN,NL,69,232,52,57,6,1,16,43,3,3,36,77,1,4,0,1,4
solerjo01,2015,1,CHN,NL,101,366,39,96,18,1,10,47,3,1,32,121,5,3,0,3,9
soriara01,2015,1,CHN,NL,6,0,0,0,0,0,0,0,0,0,0,0,0,0,0,0,0
stroppe01,2015,1,CHN,NL,76,0,0,0,0,0,0,0,0,0,0,0,0,0,0,0,0
szczuma01,2015,1,CHN,NL,47,72,5,16,5,0,1,8,2,0,6,15,0,0,1,1,1
teagata01,2015,1,CHN,NL,8,15,0,3,0,0,0,2,0,0,0,4,0,0,0,0,1
wadats01,2015,1,CHN,NL,8,8,1,0,0,0,0,0,0,0,1,5,0,0,0,0,0
woodtr01,2015,1,CHN,NL,60,30,0,3,0,0,0,2,0,0,2,16,0,0,0,0,0
